date,actual,predicted,probability
2020-07-21,1,0,0.6995690189346043
2020-07-22,0,0,0.5059111193108492
2020-07-23,1,1,0.6953633036166103
2020-07-24,0,1,0.6284309038407754
2020-07-27,0,0,0.5409536298022237
2020-07-28,1,1,0.6268039025220699
2020-07-29,0,1,0.6244182201115034
2020-07-30,0,1,0.6177781427206004
2020-07-31,0,1,0.8738201906005104
2020-08-03,0,1,0.6244930503793013
2020-08-04,1,1,0.556787772794122
2020-08-05,1,1,0.5883635999873602
2020-08-06,1,1,0.6936883578929437
2020-08-07,1,1,0.6276281607625809
2020-08-10,1,0,0.5131305288911385
2020-08-11,1,0,0.5919241726072478
2020-08-12,0,1,0.6060502620486637
2020-08-13,0,1,0.5978691078207321
2020-08-14,0,1,0.6556578014704684
2020-08-17,1,1,0.55046875886468
2020-08-18,1,0,0.5896174660159486
2020-08-19,1,0,0.5341191109795997
2020-08-20,0,1,0.7196651789211462
2020-08-21,1,1,0.6855096611188566
2020-08-24,1,0,0.597904735562006
2020-08-25,1,0,0.5177133341982887
2020-08-26,1,1,0.626102705076317
2020-08-27,1,1,0.5613124778619841
2020-08-28,1,1,0.8540136203063232
2020-08-31,0,1,0.7020839752625158
2020-09-01,1,1,0.663935683524485
2020-09-02,1,1,0.7282193019927419
2020-09-03,0,1,0.6151865925200543
2020-09-04,0,1,0.7301425413040908
2020-09-07,1,1,0.5529873696885144
2020-09-08,0,1,0.5505363741635514
2020-09-09,0,1,0.6927838213111913
2020-09-10,1,1,0.7319620634402775
2020-09-11,1,1,0.5812450885264593
2020-09-14,0,0,0.5837165519282045
2020-09-15,1,0,0.5695409924558298
2020-09-16,1,0,0.6241360771802731
2020-09-17,0,1,0.6588708394471272
2020-09-18,0,1,0.7504637323367153
2020-09-21,0,0,0.5119500140094784
2020-09-22,0,1,0.6434985070440316
2020-09-23,0,1,0.7238844925388722
2020-09-24,0,1,0.6355867220407245
2020-09-25,1,1,0.8176557810173452
2020-09-28,1,1,0.553892023722005
2020-09-29,0,1,0.5616045556265379
2020-09-30,1,1,0.6627302302850747
2020-10-01,1,1,0.7300974995038004
2020-10-05,1,1,0.5052580711857476
2020-10-06,1,1,0.6032285040258655
2020-10-07,1,1,0.5608538027306949
2020-10-08,1,1,0.723746316690591
2020-10-09,1,1,0.7847150573794992
2020-10-12,1,1,0.6099854325677261
2020-10-13,1,1,0.6192639798611731
2020-10-14,1,1,0.6812149107613572
2020-10-15,0,1,0.7187105446185177
2020-10-16,1,1,0.8187165194710406
2020-10-19,1,1,0.574725773923224
2020-10-20,1,1,0.5895175445115286
2020-10-21,1,1,0.6068226052955447
2020-10-22,0,1,0.6956107015750723
2020-10-23,1,1,0.6680552798106105
2020-10-26,0,0,0.5146597724148956
2020-10-27,1,1,0.558784762359474
2020-10-28,0,1,0.5156167836195269
2020-10-29,0,1,0.5236490963749226
2020-10-30,0,1,0.6689266520720281
2020-11-02,1,1,0.5232694142756247
2020-11-03,1,1,0.5691889892246104
2020-11-04,1,1,0.5704317023510462
2020-11-05,1,1,0.599125340965109
2020-11-06,1,1,0.6779445626921776
2020-11-09,1,1,0.5959162020059172
2020-11-10,1,1,0.629780732882108
2020-11-11,1,1,0.7204391895496565
2020-11-12,0,1,0.7400785754541196
2020-11-13,1,1,0.6910596612484441
2020-11-17,1,1,0.5849205616606002
2020-11-18,1,1,0.6530196861028978
2020-11-19,0,1,0.6988978168118228
2020-11-20,1,1,0.7297191313405142
2020-11-23,1,1,0.6046301341939938
2020-11-24,1,1,0.6314375931008862
2020-11-25,0,1,0.624357822031291
2020-11-26,1,1,0.6755667439465266
2020-11-27,0,1,0.8423319017341367
2020-12-01,1,1,0.8053191161803273
2020-12-02,1,1,0.8239778640315946
2020-12-03,1,1,0.8082381820600948
2020-12-04,1,1,0.8113772142870315
2020-12-07,1,1,0.7369478792506134
2020-12-08,1,1,0.7380687001964716
2020-12-09,1,1,0.7519245588880995
2020-12-10,0,1,0.7721441010739936
2020-12-11,1,1,0.7530901982833308
2020-12-14,1,1,0.6752752920918773
2020-12-15,1,1,0.6757996095798917
2020-12-16,1,1,0.6816422394170355
2020-12-17,1,1,0.6968354979968677
2020-12-18,1,1,0.7026488346743014
2020-12-21,0,1,0.576989451673871
2020-12-22,1,1,0.7746937274484367
2020-12-23,1,1,0.7069747756725736
2020-12-24,1,1,0.6602066802969284
2020-12-28,1,1,0.5766286888984652
2020-12-29,1,1,0.5938449173738075
2020-12-30,1,1,0.611581631938737
2020-12-31,0,1,0.6208874670479405
2021-01-01,1,1,0.7972647857159191
2021-01-04,1,1,0.6676626665269619
2021-01-05,1,1,0.7608612092824159
2021-01-06,0,1,0.7598178780102605
2021-01-07,0,1,0.7800851292650441
2021-01-08,1,1,0.7846610201457498
2021-01-11,1,1,0.7002660640789338
2021-01-12,1,1,0.6816444839928906
2021-01-13,1,1,0.6794368540747082
2021-01-14,1,1,0.6969280523140328
2021-01-15,0,1,0.693270439411786
2021-01-18,0,1,0.5777207804220591
2021-01-19,1,1,0.6200314143371621
2021-01-20,1,1,0.7078354762689375
2021-01-21,0,1,0.624268350734181
2021-01-22,0,1,0.6707537189780479
2021-01-25,0,1,0.5677273272220236
2021-01-27,0,1,0.643714770448235
2021-01-28,0,1,0.6360087881024019
2021-01-29,0,1,0.7852741202141211
2021-02-01,1,1,0.7283535106087868
2021-02-02,1,1,0.8118603292071422
2021-02-03,1,1,0.8026776486564453
2021-02-04,1,1,0.8155154977388376
2021-02-05,1,1,0.7623085789489256
2021-02-08,1,1,0.6715141157552534
2021-02-09,0,1,0.7376352843433436
2021-02-10,0,1,0.7061314854759444
2021-02-11,1,1,0.6970625744050027
2021-02-12,0,1,0.7303944293496777
2021-02-15,1,1,0.6350762675240502
2021-02-16,0,1,0.5770467500953501
2021-02-17,0,1,0.6456249409556266
2021-02-18,0,1,0.6668411773727592
2021-02-19,0,1,0.6818679621071188
2021-02-22,0,1,0.5731617044710676
2021-02-23,1,1,0.6830479450225417
2021-02-24,1,1,0.6204727734339195
2021-02-25,1,1,0.6725048704307688
2021-02-26,0,1,0.8283688333639662
2021-03-01,1,1,0.8153728250183706
2021-03-02,1,1,0.7516638223945268
2021-03-03,1,1,0.7224564202924588
2021-03-04,0,1,0.7468365881481546
2021-03-05,0,1,0.6963264032516443
2021-03-08,1,1,0.6335562884659864
2021-03-09,1,1,0.6194181928631366
2021-03-10,1,1,0.6820601632439574
2021-03-12,0,1,0.6961251870719909
2021-03-15,0,1,0.6160158839063584
2021-03-16,0,1,0.5541062484592797
2021-03-17,0,1,0.5964784729071634
2021-03-18,0,1,0.6160839355644228
2021-03-19,1,1,0.6403207737176911
2021-03-22,0,1,0.6355059782029332
2021-03-23,1,1,0.6286032863966385
2021-03-24,0,1,0.6867749199262894
2021-03-25,0,1,0.6011745594093436
2021-03-26,1,1,0.7490191637198972
2021-03-30,1,1,0.7688069258749755
2021-03-31,0,1,0.8509108444397017
2021-04-01,1,1,0.7293271522424948
2021-04-05,0,1,0.7310940143258654
2021-04-06,1,1,0.6807892337678579
2021-04-07,1,1,0.7283035057663533
2021-04-08,1,1,0.7314556126899366
2021-04-09,0,1,0.752142604453357
2021-04-12,0,1,0.6069981507109805
2021-04-13,1,1,0.6786769502028309
2021-04-15,1,1,0.6595075480133263
2021-04-16,1,1,0.7067068010075477
2021-04-19,0,1,0.5886402316517149
2021-04-20,0,1,0.6186937428430703
2021-04-22,1,1,0.6970592132378024
2021-04-23,0,1,0.7513801413314583
2021-04-26,1,0,0.5432338702999644
2021-04-27,1,1,0.5287632679478755
2021-04-28,1,0,0.5047752204349907
2021-04-29,1,0,0.5110978936321247
2021-04-30,0,1,0.731027481591045
2021-05-03,1,1,0.570301043436267
2021-05-04,0,1,0.573440822298462
2021-05-05,1,0,0.522250981532422
2021-05-06,1,1,0.5069340971515516
2021-05-07,1,1,0.5087710224076168
2021-05-10,1,0,0.5282737319053774
2021-05-11,0,0,0.5421156367464641
2021-05-12,0,0,0.6469764334965304
2021-05-14,0,0,0.6919081122967033
2021-05-17,1,0,0.6414606772009087
2021-05-18,1,0,0.6163182482257878
2021-05-19,0,0,0.5747963841874215
2021-05-20,0,0,0.5902316350662222
2021-05-21,1,0,0.6151025761806721
2021-05-24,1,0,0.5666149672900536
2021-05-25,1,0,0.6482637640107038
2021-05-26,1,0,0.6374738446197892
2021-05-27,1,0,0.5078400549407409
2021-05-28,1,1,0.6962697436565073
2021-05-31,1,1,0.7054874933434581
2021-06-01,0,1,0.750044590143847
2021-06-02,1,1,0.7044713650951886
2021-06-03,1,1,0.6466720565160934
2021-06-04,0,1,0.6242027375431017
2021-06-07,1,1,0.6250688292984561
2021-06-08,0,1,0.6431292888136274
2021-06-09,0,1,0.5815289499602813
2021-06-10,1,1,0.537239775166117
2021-06-11,1,1,0.5969275354600068
2021-06-14,1,0,0.5010690414580424
2021-06-15,1,1,0.5144078288419991
2021-06-16,0,0,0.5229255590618687
2021-06-17,0,0,0.5905107723768978
2021-06-18,0,0,0.6100994944996623
2021-06-21,1,0,0.5702111953527171
2021-06-22,1,0,0.5366234673910711
2021-06-23,0,0,0.6054851494820055
2021-06-24,1,0,0.5994541190339773
2021-06-25,1,1,0.7497563279817621
2021-06-28,0,1,0.7217251098438296
2021-06-29,0,1,0.7053573108700831
2021-06-30,0,1,0.586897235088114
2021-07-01,0,1,0.6433771757629514
2021-07-02,1,1,0.5895445574148084
2021-07-05,1,1,0.5573583133662867
2021-07-06,0,1,0.6027866604918739
2021-07-07,1,1,0.5728055352730584
2021-07-08,0,1,0.5711696699715826
2021-07-09,0,0,0.5407624071823427
2021-07-12,1,0,0.6088504997279918
2021-07-13,1,0,0.5718981785101672
2021-07-14,1,0,0.5089530512657174
2021-07-15,1,0,0.5474155815107669
2021-07-16,0,0,0.5591950312196845
2021-07-19,0,0,0.6042712686270844
2021-07-20,0,0,0.6616320618126701
2021-07-22,1,0,0.7172947748750498
2021-07-23,1,0,0.7025722087107634
2021-07-26,0,0,0.5419977352832139
2021-07-27,0,0,0.5431640620787535
2021-07-28,0,0,0.5931787274985955
2021-07-29,1,0,0.5688415684750434
2021-07-30,0,1,0.649808883880787
2021-08-02,1,1,0.5929727011680024
2021-08-03,1,1,0.6219711477090767
2021-08-04,1,1,0.7024077932892099
2021-08-05,1,1,0.6248685277041718
2021-08-06,0,1,0.6080471157221821
2021-08-09,1,1,0.600031715663537
2021-08-10,1,1,0.5963760630416691
2021-08-11,1,1,0.5813980743790701
2021-08-12,1,1,0.5481103822951527
2021-08-13,1,1,0.5736197538331549
2021-08-16,1,1,0.6193377144155974
2021-08-17,1,1,0.579092277986808
2021-08-18,0,1,0.5724212132062965
2021-08-20,0,1,0.531502496719495
2021-08-23,1,1,0.5270021825310368
2021-08-24,1,1,0.5406061962683635
2021-08-25,1,1,0.580116315288771
2021-08-26,1,1,0.5388819694128085
2021-08-27,1,1,0.6803697359364982
2021-08-30,1,1,0.7485926568020618
2021-08-31,1,1,0.7559423059436946
2021-09-01,0,1,0.7432335585079753
2021-09-02,1,1,0.6538275561666257
2021-09-03,1,1,0.7120951572584252
2021-09-06,1,1,0.6593993331870099
2021-09-07,0,1,0.6558885702304308
2021-09-08,0,1,0.6491738262745836
2021-09-09,1,1,0.6087222141246246
2021-09-13,0,1,0.5805256965304555
2021-09-14,1,1,0.5672878254140729
2021-09-15,1,1,0.524869543761122
2021-09-16,1,1,0.5945129088531703
2021-09-17,0,1,0.5491047393797753
2021-09-20,0,1,0.6488998532250273
2021-09-21,1,1,0.5584345613677484
2021-09-22,0,1,0.518328478153103
2021-09-23,1,0,0.51377484790768
2021-09-24,1,1,0.5485892289864609
2021-09-27,1,1,0.5036303092813899
2021-09-28,0,1,0.517044525432168
2021-09-29,0,0,0.5622411022844844
2021-09-30,0,0,0.6149434451876732
2021-10-01,0,1,0.5322691029791061
2021-10-04,1,1,0.5321134881771815
2021-10-05,1,1,0.5778954528085737
2021-10-06,0,1,0.5538465878133809
2021-10-07,1,0,0.5095683077184365
2021-10-08,1,1,0.501839385781406
2021-10-11,1,0,0.5130536783583636
2021-10-12,1,1,0.543454341921784
2021-10-13,1,0,0.5334654769799535
2021-10-14,1,0,0.5047976946756301
2021-10-18,1,1,0.5140587611552355
2021-10-19,0,1,0.5223232276027259
2021-10-20,0,1,0.5042505845178273
2021-10-21,0,1,0.5110316463886231
2021-10-22,0,0,0.5489019199081606
2021-10-25,1,0,0.5717204242457572
2021-10-26,1,0,0.5048014229671448
2021-10-27,0,0,0.5146303719184482
2021-10-28,0,0,0.6386818884764778
2021-10-29,0,1,0.5113599593622145
2021-11-01,1,1,0.5131442085733668
2021-11-02,0,1,0.5810151593045045
2021-11-03,0,0,0.5530042614673271
2021-11-04,1,0,0.6105785336253429
2021-11-08,1,0,0.507169156528253
2021-11-09,0,1,0.5349942639510086
2021-11-10,0,0,0.5959614030139947
2021-11-11,0,0,0.6222344316603656
2021-11-12,1,0,0.6862526914556548
2021-11-15,1,0,0.5392633239250066
2021-11-16,0,0,0.5638844346862422
2021-11-17,0,0,0.6420391675591148
2021-11-18,0,0,0.668883302237284
2021-11-22,0,0,0.6026899934882102
2021-11-23,1,0,0.5097677070532434
2021-11-24,0,0,0.5089999415150903
2021-11-25,1,0,0.6233311579370722
2021-11-26,0,1,0.7237001067042859
2021-11-29,1,1,0.7018688784603676
2021-11-30,0,1,0.7060662946160979
2021-12-01,1,1,0.7282478374822926
2021-12-02,1,1,0.7043510408171794
2021-12-03,0,1,0.7206538890722931
2021-12-06,0,1,0.7071599507997225
2021-12-07,1,1,0.6320536665365298
2021-12-08,1,1,0.7045978132026273
2021-12-09,1,1,0.6754046195323086
2021-12-10,0,1,0.6011155770888719
2021-12-13,0,1,0.6161945717485469
2021-12-14,0,1,0.6166744195325689
2021-12-15,0,1,0.5064449739936159
2021-12-16,1,0,0.5696070184689807
2021-12-17,0,0,0.5448835724534447
2021-12-20,0,1,0.5045615598771462
2021-12-21,1,1,0.5002199044103616
2021-12-22,1,1,0.5600657190119219
2021-12-23,1,1,0.5077392527330402
2021-12-24,0,1,0.5190176657432396
2021-12-27,1,1,0.5237724473129437
2021-12-28,1,1,0.6261552735863045
2021-12-29,0,1,0.5377660756078068
2021-12-30,0,0,0.5221274795302373
2021-12-31,1,1,0.5996599611755631
2022-01-03,1,1,0.7100960998631063
2022-01-04,1,1,0.7250423344288506
2022-01-05,1,1,0.6568920903306357
2022-01-06,0,1,0.6521313926566704
2022-01-07,1,1,0.5420881544122741
2022-01-10,1,1,0.6009879937235535
2022-01-11,1,1,0.6060488113198229
2022-01-12,1,1,0.5132779651741922
2022-01-13,1,0,0.5253589515075836
2022-01-14,0,0,0.5047838206269325
2022-01-17,1,1,0.561325121273757
2022-01-18,0,1,0.504533005224498
2022-01-19,0,0,0.5271639327202817
2022-01-20,0,0,0.5851389109298225
2022-01-21,0,0,0.6171690294738736
2022-01-24,0,0,0.6277195146855024
2022-01-25,1,0,0.5883086378295106
2022-01-27,0,0,0.6696652599176172
2022-01-28,0,0,0.6903821902867044
2022-01-31,1,0,0.6280606920504836
2022-02-01,1,0,0.5943424329974184
2022-02-02,1,0,0.6275777510800833
2022-02-03,0,0,0.6517878157044154
2022-02-04,0,0,0.7319158817531131
2022-02-07,0,0,0.6149468910251035
2022-02-08,1,0,0.6330941732504085
2022-02-09,1,0,0.670622075629351
2022-02-10,1,0,0.6428901839221621
2022-02-11,0,0,0.6466619677035866
2022-02-14,0,0,0.6217095733407486
2022-02-15,1,0,0.5820775307809147
2022-02-16,0,0,0.5148351680815293
2022-02-17,0,0,0.6011271185722761
2022-02-18,0,0,0.5983940885143328
2022-02-21,0,0,0.5408908036838638
2022-02-22,0,0,0.5874407894463777
2022-02-23,0,0,0.602768414253279
2022-02-24,0,0,0.6318166028867106
2022-02-25,1,1,0.583855486351559
2022-02-28,1,1,0.6495822521022755
2022-03-02,0,1,0.694842487694346
2022-03-03,0,0,0.536713697898178
2022-03-04,0,0,0.5714705619334568
2022-03-07,0,0,0.5510195344223721
2022-03-08,1,0,0.6288977122711603
2022-03-09,1,0,0.5809993904593
2022-03-10,1,0,0.5758591879686367
2022-03-11,1,0,0.6077542185653741
2022-03-14,1,0,0.560931315065508
2022-03-15,0,0,0.5557881391850495
2022-03-16,1,0,0.639393830844559
2022-03-17,1,0,0.6085552151676457
2022-03-21,0,1,0.5816010241693645
2022-03-22,1,1,0.5095671950177164
2022-03-23,0,1,0.5217180897693956
2022-03-24,0,0,0.5851223208287598
2022-03-25,0,0,0.6206951683376078
2022-03-28,1,0,0.5855001399020585
2022-03-29,1,0,0.534689641345687
2022-03-30,1,0,0.5708486739434396
2022-03-31,0,0,0.5033919139477182
2022-04-01,1,1,0.578931356713133
2022-04-04,1,1,0.6848882708954573
2022-04-05,0,1,0.7208946343966134
2022-04-06,0,1,0.6387751144723709
2022-04-07,0,1,0.58287690977715
2022-04-08,1,0,0.5510913199434628
2022-04-11,0,1,0.6176071773060338
2022-04-12,0,0,0.5117294744400404
2022-04-13,0,0,0.638239884698987
2022-04-18,0,0,0.59646545856947
2022-04-19,0,0,0.6551012036305951
2022-04-20,1,0,0.6155697196005576
2022-04-21,1,0,0.6605322811740559
2022-04-22,0,0,0.6296286137926271
2022-04-25,0,0,0.6508330827822112
2022-04-26,1,0,0.6795695152082146
2022-04-27,0,0,0.677138551281709
2022-04-28,1,0,0.792061376217452
2022-04-29,0,0,0.5972776564253053
2022-05-02,0,0,0.5195298502077217
2022-05-04,0,0,0.5622074877400194
2022-05-05,1,0,0.6307967534052933
2022-05-06,0,0,0.700035757166054
2022-05-09,0,0,0.6902258689789615
2022-05-10,0,0,0.7113794790771379
2022-05-11,0,0,0.7481532245805004
2022-05-12,0,0,0.7634423419501777
2022-05-13,0,0,0.7988881331054581
2022-05-16,1,0,0.6841067183017553
2022-05-17,1,0,0.6388135579342626
2022-05-18,0,0,0.6628317823767642
2022-05-19,0,0,0.7330855127026359
2022-05-20,1,0,0.7634348196675926
2022-05-23,0,0,0.6028753797028692
2022-05-24,0,0,0.6946367766170456
2022-05-25,0,0,0.7100468689703363
2022-05-26,1,0,0.7551118526933027
2022-05-27,1,1,0.5282472098791684
2022-05-30,1,1,0.626918201503622
2022-05-31,0,1,0.6373709488122956
2022-06-01,0,1,0.5783374951915077
2022-06-02,1,1,0.5155010775242739
2022-06-03,0,0,0.519803742478788
2022-06-06,0,1,0.5246720328779382
2022-06-07,0,0,0.5187120320932843
2022-06-08,0,0,0.6525144306458119
2022-06-09,1,0,0.7033321071686414
2022-06-10,0,0,0.6965068853132961
2022-06-13,0,0,0.6928178975994832
2022-06-14,0,0,0.702840510009323
2022-06-15,0,0,0.7551055290584884
2022-06-16,0,0,0.7763673083225129
2022-06-17,0,0,0.7898457962005281
2022-06-20,1,0,0.7814591956998015
2022-06-21,1,0,0.7824730401828425
2022-06-22,0,0,0.7267357540133483
2022-06-23,1,0,0.8141612473459269
2022-06-24,1,0,0.7555426740704491
2022-06-27,1,0,0.7009018025670868
2022-06-28,1,0,0.7091357015914169
2022-06-29,0,0,0.7551854742562877
2022-06-30,0,0,0.838457413788156
2022-07-01,0,0,0.6708627068340205
2022-07-04,1,0,0.5979294486986169
2022-07-05,0,0,0.6076574909698822
2022-07-06,1,0,0.651995553150768
2022-07-07,1,0,0.6138046799423842
2022-07-08,1,0,0.6492243055371533
2022-07-11,0,0,0.554516518409297
2022-07-12,0,0,0.6172620876192985
2022-07-13,0,0,0.7386151657557621
2022-07-14,0,0,0.7526941633789844
2022-07-15,1,0,0.7461694078834142
2022-07-18,1,0,0.705732174901107
2022-07-19,1,0,0.6552978738057618
2022-07-20,1,0,0.6622609516361727
2022-07-21,1,0,0.6597020437032128
2022-07-22,1,0,0.6231162534716718
2022-07-25,0,0,0.5758602930302185
2022-07-26,0,0,0.6359909215726242
2022-07-27,1,0,0.6926278487591968
2022-07-28,1,0,0.5285277312741525
2022-07-29,1,1,0.577186390506839
2022-08-01,1,1,0.6616749609337453
2022-08-02,1,1,0.7101579153121667
2022-08-03,1,1,0.5918241007275598
2022-08-04,0,1,0.5127211999999922
2022-08-05,1,1,0.5222040788065199
2022-08-08,1,1,0.5315637019531315
2022-08-10,1,1,0.5321495824465982
2022-08-11,1,0,0.5192415067381673
2022-08-12,1,0,0.574316905701237
2022-08-16,1,1,0.5063908578713368
2022-08-17,1,1,0.5685330177204955
2022-08-18,1,1,0.5631060102884937
2022-08-19,0,0,0.569197000317901
2022-08-22,0,0,0.5407327536361088
2022-08-23,1,0,0.573060260284119
2022-08-24,1,1,0.5305220183790709
2022-08-25,0,0,0.6153580433466086
2022-08-26,1,1,0.5724725515907271
2022-08-29,0,1,0.5747461001739205
2022-08-30,1,1,0.5452203106640201
2022-09-01,0,1,0.6277647595839839
2022-09-02,0,0,0.5026433160322717
2022-09-05,1,0,0.5222797558967829
2022-09-06,0,1,0.5458146173790259
2022-09-07,0,0,0.5609605708050815
2022-09-08,1,0,0.5906238916692054
2022-09-09,1,0,0.5866928413557375
2022-09-12,1,0,0.5675395168715107
2022-09-13,1,1,0.505262210221891
2022-09-14,0,0,0.5690666878899024
2022-09-15,0,0,0.6155462443788051
2022-09-16,0,0,0.6941052699496706
2022-09-19,1,0,0.5859591620964025
2022-09-20,1,0,0.5785492625677371
2022-09-21,0,0,0.5452980997381804
2022-09-22,0,0,0.667014089259645
2022-09-23,0,0,0.6852250263209125
2022-09-26,0,0,0.6518547923542245
2022-09-27,0,0,0.6911639171639743
2022-09-28,0,0,0.6872022952100239
2022-09-29,0,0,0.73571302993307
2022-09-30,1,0,0.6580017922505601
2022-10-03,0,1,0.5026930704597806
2022-10-04,1,0,0.6363505000421903
2022-10-06,1,0,0.5776131364517512
2022-10-07,0,0,0.5934363250051183
2022-10-10,0,0,0.6112287696540439
2022-10-11,0,0,0.6588468046079021
2022-10-12,1,0,0.6889614517225663
2022-10-13,0,0,0.6744918129012047
2022-10-14,1,0,0.7530444152531559
2022-10-17,1,0,0.5998524200229529
2022-10-18,1,0,0.6088138430791545
2022-10-19,1,0,0.5822601740079449
2022-10-20,1,0,0.6332742949632008
2022-10-21,1,0,0.6751821687224233
2022-10-24,1,0,0.5984451058129924
2022-10-25,0,0,0.5450145065162211
2022-10-27,1,0,0.7127957039424093
2022-10-28,1,1,0.5391926945354718
2022-10-31,1,1,0.5689444523355699
2022-11-01,1,1,0.6715346933601989
2022-11-02,0,1,0.6913443675442497
2022-11-03,0,1,0.6029368770283605
2022-11-04,1,1,0.5143217043650846
2022-11-07,1,1,0.6554508973380508
2022-11-09,0,1,0.6297425270479061
2022-11-10,0,1,0.5566926141305026
2022-11-11,1,0,0.5957007229252642
2022-11-14,0,1,0.5481865043295475
2022-11-15,1,1,0.5652684622354172
2022-11-16,1,1,0.5225734985220336
2022-11-17,0,1,0.5391886888403629
2022-11-18,0,0,0.5889460629482909
2022-11-21,0,1,0.5426961125910705
2022-11-22,1,0,0.5316658217880326
2022-11-23,1,0,0.5180810229426014
2022-11-24,1,1,0.5209475873025844
2022-11-25,1,1,0.7169510272092374
2022-11-28,1,1,0.7003202384768025
2022-11-29,1,1,0.7218949046533254
2022-11-30,1,1,0.6810981333195569
2022-12-01,1,1,0.7517423714311589
2022-12-02,0,1,0.6319590838858592
2022-12-05,1,1,0.6575638588069556
2022-12-06,0,1,0.6430086906396023
2022-12-07,0,1,0.5302508029560417
2022-12-08,1,0,0.5169553797791255
2022-12-09,0,1,0.5051485256325164
2022-12-12,1,1,0.5264535682453285
2022-12-13,1,1,0.5728138781474589
2022-12-14,1,1,0.5364108701253741
2022-12-15,0,1,0.5120904610882923
2022-12-16,0,0,0.5601494936575777
2022-12-19,1,0,0.5284924019055031
2022-12-20,0,1,0.5795614411347977
2022-12-21,0,0,0.5176828816064627
2022-12-22,0,0,0.5501634565883542
2022-12-23,0,0,0.6628348720442931
2022-12-26,1,0,0.5607578396280857
2022-12-27,1,1,0.5263741420573274
2022-12-28,0,0,0.5242973218213073
2022-12-29,1,0,0.5961148671420432
2022-12-30,0,1,0.5126460176797393
2023-01-02,1,1,0.5741899735839152
2023-01-03,1,1,0.5958375493266955
2023-01-04,0,1,0.501471415592371
2023-01-05,0,0,0.5805310495052785
2023-01-06,0,0,0.5524839209532935
2023-01-09,1,0,0.5389396116844607
2023-01-10,0,1,0.5886611639476588
2023-01-11,0,0,0.5530017464927137
2023-01-12,0,0,0.557922920138294
2023-01-13,1,0,0.5986838525929411
2023-01-16,0,1,0.5325544425086443
2023-01-17,1,0,0.603320688133479
2023-01-18,1,0,0.5699927500424942
2023-01-19,0,0,0.5705024756124859
2023-01-20,0,0,0.67938709925237
2023-01-23,1,0,0.5902001747888725
2023-01-24,0,0,0.5224041884555685
2023-01-25,0,0,0.51584502076754
2023-01-27,0,1,0.5037960663523399
2023-01-30,1,1,0.5980357096667772
2023-01-31,1,1,0.5436883188486614
2023-02-01,0,0,0.545833143065555
2023-02-02,0,0,0.53167542143935
2023-02-03,1,0,0.6435929324014196
2023-02-06,0,1,0.5174324294079131
2023-02-07,0,0,0.566233249809615
2023-02-08,1,0,0.6126446588762509
2023-02-09,1,0,0.5676711114285038
2023-02-10,0,0,0.6586503210459382
2023-02-13,0,0,0.5836020203014471
2023-02-14,1,0,0.6166390872377701
2023-02-15,1,0,0.5928770104441659
2023-02-16,1,0,0.5614146178581869
2023-02-17,0,0,0.6224970246165118
2023-02-20,0,0,0.6050027425618851
2023-02-21,0,0,0.6310846559132555
2023-02-22,0,0,0.5911482252905778
2023-02-23,0,0,0.6639372539655918
2023-02-24,0,0,0.5592320074593535
2023-02-27,0,1,0.5140028009224324
2023-02-28,0,0,0.5606321296254655
2023-03-01,1,0,0.5250999403084087
2023-03-02,0,0,0.5231247009411654
2023-03-03,1,0,0.6622156984554741
2023-03-06,1,1,0.5807468749527405
2023-03-08,1,1,0.5629886767331858
2023-03-09,0,0,0.517932173625917
2023-03-10,0,0,0.653427570812001
2023-03-13,0,0,0.577644159107457
2023-03-14,0,0,0.5126122183566812
2023-03-15,0,0,0.6629208369697384
2023-03-16,1,0,0.6965770269108199
2023-03-17,1,0,0.6847844158687768
2023-03-20,0,0,0.5933745201145585
2023-03-21,1,0,0.6909084331932162
2023-03-22,1,0,0.6750857245892077
2023-03-23,0,0,0.7480998305565322
2023-03-24,0,0,0.7936708848497447
2023-03-27,1,0,0.6905720311727588
2023-03-28,0,0,0.6238922051451239
2023-03-29,1,0,0.686359993919093
2023-03-31,1,0,0.58987912607734
2023-04-03,1,1,0.5187257383510054
2023-04-05,1,0,0.5927063765400722
2023-04-06,1,0,0.5024373445943671
2023-04-10,1,0,0.5209012213170039
2023-04-11,1,1,0.5036691254364469
2023-04-12,1,1,0.5245432542328303
2023-04-13,1,1,0.538265885820053
2023-04-17,0,1,0.5470805609360854
2023-04-18,0,1,0.5479747294078513
2023-04-19,0,0,0.5291698651049354
2023-04-20,1,0,0.5641772005258521
2023-04-21,0,0,0.5784423782032475
2023-04-24,1,1,0.5199606565773841
2023-04-25,1,1,0.5007343050173573
2023-04-26,1,0,0.5393585912325936
2023-04-27,1,0,0.5488457178676985
2023-04-28,1,1,0.5933124702330385
2023-05-02,1,1,0.6548439198369106
2023-05-03,0,1,0.6876284159027578
2023-05-04,1,1,0.5446068953662907
2023-05-05,0,1,0.5792073332468071
2023-05-08,1,1,0.5612811413203954
2023-05-09,1,1,0.6604417728045334
2023-05-10,1,1,0.5364406102477284
2023-05-11,0,1,0.536431976173007
2023-05-12,1,0,0.5055405436155227
2023-05-15,1,1,0.5613017952882783
2023-05-16,0,1,0.5808558306612983
2023-05-17,0,1,0.5124076065208014
2023-05-18,0,0,0.6001251566960017
2023-05-19,1,0,0.5428551197600965
2023-05-22,1,1,0.5324790721757331
2023-05-23,1,1,0.5391788585157301
2023-05-24,0,1,0.5039186190531776
2023-05-25,1,0,0.5187216697070155
2023-05-26,1,1,0.5906153473230924
2023-05-29,1,1,0.7532965449998439
2023-05-30,1,1,0.7433990509935309
2023-05-31,0,1,0.634352005287572
2023-06-01,0,1,0.6052297266905706
2023-06-02,1,1,0.5351326008822201
2023-06-05,1,1,0.6304444242385242
2023-06-06,1,1,0.6873210055845553
2023-06-07,1,1,0.5907849441622919
2023-06-08,0,1,0.6448534358883634
2023-06-09,0,0,0.5567480794955278
2023-06-12,1,1,0.5236810475654204
2023-06-13,1,1,0.585203250801387
2023-06-14,1,1,0.6260307818720967
2023-06-15,0,1,0.5428514754196324
2023-06-16,1,0,0.5845898434600494
2023-06-19,0,1,0.6554224714957109
2023-06-20,1,0,0.5093555378027435
2023-06-21,1,1,0.5866185127515362
2023-06-22,0,0,0.5217841409261857
2023-06-23,0,0,0.60073118302691
2023-06-26,1,0,0.5448672538781579
2023-06-27,1,1,0.5163610987765813
2023-06-28,1,1,0.5815270841908434
2023-06-30,1,1,0.6266488765983403
2023-07-03,1,1,0.7625384606900183
2023-07-04,1,1,0.7695311520889703
2023-07-05,1,1,0.6777228172559406
2023-07-06,1,1,0.6368310574409641
2023-07-07,0,1,0.6748948115796181
2023-07-10,1,1,0.6162279910225217
2023-07-11,1,1,0.6310817973710141
2023-07-12,0,1,0.666444969172947
2023-07-13,1,1,0.5775323789531871
2023-07-14,1,1,0.5500152603083767
2023-07-17,1,1,0.6900519975332605
2023-07-18,1,1,0.7095003187123958
2023-07-19,1,1,0.5988167841172036
2023-07-20,1,1,0.6284647136095635
2023-07-21,0,1,0.5603292676223737
2023-07-24,0,1,0.526474773922498
2023-07-25,1,1,0.5694816013262524
2023-07-26,1,0,0.505371972196335
2023-07-27,0,1,0.6025204092621523
2023-07-28,0,1,0.6020286725118392
2023-07-31,1,1,0.6749758388259716
2023-08-01,0,1,0.7291234640802678
2023-08-02,0,1,0.606461186665978
2023-08-03,0,1,0.564975043449878
2023-08-04,1,1,0.5187423517770173
2023-08-07,1,1,0.6805953455602137
2023-08-08,0,1,0.6879049229540074
2023-08-09,1,1,0.5999562949924158
2023-08-10,0,1,0.5922430033874929
2023-08-11,0,0,0.6367104240574653
2023-08-14,1,0,0.5309248945282987
2023-08-16,1,0,0.5010367796104298
2023-08-17,0,0,0.5592074883142966
2023-08-18,0,0,0.6172019929281308
2023-08-21,1,0,0.508955473057156
2023-08-22,1,1,0.5216636463155863
2023-08-23,1,0,0.5375329900812131
2023-08-24,0,0,0.5960308430097905
2023-08-25,0,0,0.6397302935199918
2023-08-28,1,0,0.5937716029194758
2023-08-29,1,0,0.5129058854600852
2023-08-30,1,0,0.5199184580008727
2023-08-31,0,0,0.5974735215770607
2023-09-01,1,1,0.5185554693461208
2023-09-04,1,1,0.6575331457738427
2023-09-05,1,1,0.6333886626252562
2023-09-06,1,1,0.6158217946545194
2023-09-07,1,1,0.5556941760069501
2023-09-08,1,1,0.5975171005792381
2023-09-11,1,1,0.5922510389777191
2023-09-12,0,1,0.6386883698900141
2023-09-13,1,1,0.639754492239577
2023-09-14,1,1,0.6426495533388604
2023-09-15,1,1,0.5023953141815299
2023-09-18,0,1,0.602871537207474
2023-09-20,0,1,0.5279504589115241
2023-09-21,0,0,0.6355489709794881
2023-09-22,0,0,0.6641647988678698
2023-09-25,1,0,0.5679411875396503
2023-09-26,0,0,0.5222553670630525
2023-09-27,1,0,0.5667748469872966
2023-09-28,0,0,0.6085272248341778
2023-09-29,1,0,0.5793003525695265
2023-10-03,0,0,0.5076552413889335
2023-10-04,0,0,0.5366590015027735
2023-10-05,1,0,0.6035024874019903
2023-10-06,1,0,0.5510555786259985
2023-10-09,0,1,0.5487811567786716
2023-10-10,1,0,0.5475071610514717
2023-10-11,1,0,0.5231003534237507
2023-10-12,0,0,0.5355672632506384
2023-10-13,0,0,0.6587245045242804
2023-10-16,0,0,0.5619992492792363
2023-10-17,1,0,0.5901806523127251
2023-10-18,0,0,0.5088734460905395
2023-10-19,0,0,0.7010479986542091
2023-10-20,0,0,0.6834730902427377
2023-10-23,0,0,0.655485576194601
2023-10-25,0,0,0.7098055904422965
2023-10-26,0,0,0.6772045512905391
2023-10-27,1,0,0.6384419171085394
2023-10-30,1,1,0.5445569570584389
2023-10-31,0,0,0.5650433918796036
2023-11-01,0,0,0.6082908651579355
2023-11-02,1,0,0.6124267030493854
2023-11-03,1,0,0.605448432359113
2023-11-06,1,1,0.5163244667360115
2023-11-07,0,1,0.6254097867357047
2023-11-08,1,0,0.522382897465035
2023-11-09,0,0,0.6191557226914608
2023-11-10,1,0,0.5212466573845818
2023-11-13,1,1,0.5487885089259796
2023-11-15,1,1,0.5915181932321708
2023-11-16,1,1,0.5497124899662369
2023-11-17,0,0,0.5686224456097226
2023-11-20,0,0,0.528820831821126
2023-11-21,1,0,0.5570399677439387
2023-11-22,1,1,0.5325132632183746
2023-11-23,0,0,0.6483983391626231
2023-11-24,0,0,0.6811925491198392
2023-11-28,1,1,0.5737410262906759
2023-11-29,1,1,0.6206822232995803
2023-11-30,1,1,0.531088882318696
2023-12-01,1,1,0.6680547924412795
2023-12-04,1,1,0.8765613753447461
2023-12-05,1,1,0.838658279670015
2023-12-06,1,1,0.670498980181613
2023-12-07,0,1,0.6400993838461173
2023-12-08,1,1,0.6106355722294246
2023-12-11,1,1,0.6688531770443354
2023-12-12,0,1,0.6013697062900317
2023-12-13,1,1,0.5926177966276177
2023-12-14,1,1,0.7356725169504611
2023-12-15,1,1,0.6820402150442338
2023-12-18,0,1,0.6275917302755406
2023-12-19,1,1,0.6463325909851263
2023-12-20,0,0,0.6401712116457121
2023-12-21,1,1,0.5628391157734318
2023-12-22,1,1,0.6569420932096096
2023-12-26,1,1,0.8116107875544513
2023-12-27,1,1,0.8724028181139806
2023-12-28,1,1,0.7564372118279759
2023-12-29,0,1,0.5536112260116113
2024-01-01,1,1,0.7081107871932563
2024-01-02,0,1,0.676885699452217
2024-01-03,0,1,0.5055662980570828
2024-01-04,1,1,0.63904349394204
2024-01-05,1,1,0.6158021320251936
2024-01-08,0,1,0.5938016062245484
2024-01-09,1,1,0.5077768689463285
2024-01-10,1,1,0.5849313172872818
2024-01-11,1,1,0.5043345500866794
2024-01-12,1,1,0.6172008708200507
2024-01-15,1,1,0.7262205282144167
2024-01-16,0,0,0.5298665785639404
2024-01-17,0,0,0.7343581081266635
2024-01-18,0,0,0.6887170739159652
2024-01-19,1,0,0.6877126885577753
2024-01-23,0,0,0.6089517933855821
2024-01-24,1,1,0.5314571521169448
2024-01-25,0,0,0.5193727827632317
2024-01-29,1,1,0.7698095504724131
2024-01-30,0,1,0.6408720988701798
2024-01-31,1,1,0.5701406031743267
2024-02-01,0,1,0.5651721668801802
2024-02-02,1,0,0.5811763954506737
2024-02-05,0,0,0.5209050021831367
2024-02-06,1,1,0.5344364008052122
2024-02-07,1,1,0.5789620414640744
2024-02-08,0,0,0.7097767312660331
2024-02-09,1,0,0.5101859357374797
2024-02-12,0,0,0.6171194162565299
2024-02-13,1,0,0.6672709289030925
2024-02-14,1,1,0.6775623893129744
2024-02-15,1,1,0.7815730555341552
2024-02-16,1,1,0.6961706159246728
2024-02-19,1,1,0.6878710115013037
2024-02-20,1,1,0.7220141122443194
2024-02-21,0,0,0.7347417586082663
2024-02-22,1,1,0.5555365923110491
2024-02-23,0,0,0.5046726953144953
2024-02-26,0,0,0.6140389218644777
2024-02-27,1,1,0.6327262282748222
2024-02-28,0,0,0.6963500807372076
2024-02-29,1,0,0.5463335023417835
2024-03-01,1,1,0.8957202758605668
2024-03-04,1,1,0.7783401057547015
2024-03-05,0,0,0.5512931915320991
2024-03-06,1,1,0.7141840546256266
2024-03-07,1,1,0.6211875787041727
2024-03-11,0,0,0.6254256049799375
2024-03-12,1,0,0.5409786104658523
2024-03-13,0,0,0.8416786999098173
2024-03-14,1,0,0.5426205719441701
2024-03-15,0,0,0.6477104538889236
2024-03-18,1,0,0.6065329889396138
2024-03-19,0,0,0.7531571593125315
2024-03-20,1,0,0.5198954352624066
2024-03-21,1,1,0.5176097839960776
2024-03-22,1,1,0.5222831914809367
2024-03-26,0,1,0.7230368989674183
2024-03-27,1,1,0.7265957042686669
2024-03-28,1,1,0.8306745831924314
2024-04-01,1,1,0.7274353472896243
2024-04-02,0,1,0.6126344880137271
2024-04-03,0,1,0.5432153083312786
2024-04-04,1,1,0.5815466318355116
2024-04-05,0,1,0.6953798292969627
2024-04-08,1,1,0.8257279097578872
2024-04-09,0,1,0.668398643456396
2024-04-10,1,1,0.5175640152267059
2024-04-12,0,0,0.8408416444705492
2024-04-15,0,0,0.8457081779586157
2024-04-16,0,0,0.7460833468080735
2024-04-18,0,0,0.7302404852481474
2024-04-19,1,1,0.5255083792219778
2024-04-22,1,1,0.8229629435595361
2024-04-23,1,1,0.7199339496957434
2024-04-24,1,0,0.5406420282490911
2024-04-25,1,1,0.6808672206423113
2024-04-26,0,1,0.7032468858154246
2024-04-29,1,1,0.8567382335389988
2024-04-30,0,1,0.6419727553311627
2024-05-02,1,1,0.8309552308833678
2024-05-03,0,1,0.5879440172097724
2024-05-06,0,1,0.5848197115685639
2024-05-07,0,0,0.6171461273095646
2024-05-08,0,0,0.6263587962657077
2024-05-09,0,0,0.8048139892227878
2024-05-10,1,0,0.7096594876497331
2024-05-13,1,1,0.6730839729255019
2024-05-14,1,1,0.5710773054397329
2024-05-15,0,1,0.5565998714873446
2024-05-16,1,1,0.653358340285537
2024-05-17,1,1,0.5714467727195652
2024-05-21,1,0,0.5052293283585014
2024-05-22,1,0,0.6170523027414987
2024-05-23,1,1,0.8182085715418949
2024-05-24,0,0,0.6053205519659917
2024-05-27,0,1,0.5043986204394172
2024-05-28,0,1,0.5008376776469825
2024-05-29,0,0,0.7178752821515255
2024-05-30,0,0,0.7894566324753287
2024-05-31,1,1,0.5237377399734631
2024-06-03,1,1,0.9975173423714987
2024-06-04,0,0,0.9983950737897025
2024-06-05,1,1,0.99762870306358
2024-06-06,1,1,0.6416140571488322
2024-06-07,1,1,0.8878394754706982
2024-06-10,0,1,0.5005694489644822
2024-06-11,1,0,0.5931253163766199
2024-06-12,1,1,0.6364007911951721
2024-06-13,1,0,0.5898859356384252
2024-06-14,1,1,0.6304242951015792
2024-06-18,1,1,0.6507407358163109
2024-06-19,0,0,0.58825519548273
2024-06-20,1,1,0.5508637558615898
2024-06-21,0,0,0.8024490888211249
2024-06-24,1,1,0.5922582951814869
2024-06-25,1,1,0.8330143301968819
2024-06-26,1,1,0.7312665646587545
2024-06-27,1,1,0.8297483883009007
2024-06-28,0,1,0.6152579549524358
2024-07-01,1,1,0.8556749987793423
2024-07-02,0,1,0.8810288832001243
2024-07-03,1,1,0.871990898719627
2024-07-04,1,1,0.6798207567512212
2024-07-05,1,1,0.5888128435241843
2024-07-08,0,1,0.6065830082791497
2024-07-09,1,1,0.7485066914005332
2024-07-10,0,1,0.5157837851926753
2024-07-11,0,1,0.5402866225077375
2024-07-12,1,1,0.7957175434528009
2024-07-15,1,1,0.656085907248843
2024-07-16,1,1,0.7363924870982586
2024-07-18,1,1,0.7710269743266391
2024-07-19,0,0,0.8988402158659304
2024-07-22,0,0,0.5309319766159661
2024-07-23,0,1,0.7319912783391793
2024-07-24,0,0,0.7876006924038872
2024-07-25,0,1,0.5535404745052167
2024-07-26,1,1,0.9709279288417729
2024-07-29,1,1,0.7242524289686872
2024-07-30,1,1,0.6565691304962126
2024-07-31,1,1,0.7854777026515684
2024-08-01,1,0,0.5997795769342111
2024-08-02,0,0,0.9292522756711556
2024-08-05,0,0,0.9693411404083389
2024-08-06,0,1,0.7608672701424538
2024-08-07,1,1,0.5786591236872679
2024-08-08,0,1,0.5131318295640239
2024-08-09,1,1,0.6029754996052789
2024-08-12,0,0,0.5259061164868688
2024-08-13,0,0,0.7603564537571197
2024-08-14,1,0,0.7569134698765827
2024-08-16,1,1,0.8788995926347377
2024-08-19,1,1,0.6745118620836732
2024-08-20,1,1,0.5639068268169072
2024-08-21,1,1,0.752842894732871
2024-08-22,1,0,0.666384783746923
2024-08-23,1,0,0.5877896110463965
2024-08-26,1,1,0.7578984806605885
2024-08-27,1,1,0.580262445595164
2024-08-28,1,0,0.501304566426864
2024-08-29,1,1,0.6440542772193757
2024-08-30,1,1,0.8161382418089674
2024-09-02,1,1,0.735058632192673
2024-09-03,1,0,0.6455901586858693
2024-09-04,0,0,0.5269776382112118
2024-09-05,0,0,0.7514880427235086
2024-09-06,0,0,0.9719633765832165
2024-09-09,1,1,0.6828522998029418
2024-09-10,1,1,0.6280149869998937
2024-09-11,0,1,0.5129725848732063
2024-09-12,1,1,0.9251867077060402
2024-09-13,0,1,0.5056782208987923
2024-09-16,1,1,0.6474044732584817
2024-09-17,1,0,0.5361451307226945
2024-09-18,0,0,0.7153139672703768
2024-09-19,1,1,0.7243334636877629
2024-09-20,1,1,0.8949701840441988
2024-09-23,1,1,0.8716376655073205
2024-09-24,1,1,0.8076226692461558
2024-09-25,1,1,0.7382267780836032
2024-09-26,1,1,0.8438956625217974
2024-09-27,0,0,0.5339250300122824
2024-09-30,0,0,0.8688347761541901
2024-10-01,0,0,0.7128347247220255
2024-10-03,0,0,0.975755597112425
2024-10-04,0,0,0.7863822840789825
2024-10-07,0,0,0.8958378811242486
2024-10-08,1,1,0.7699160052219202
2024-10-09,0,1,0.6137755166408457
2024-10-10,1,0,0.7027244520851501
2024-10-11,0,0,0.6112099969439179
2024-10-14,1,1,0.753888455708592
2024-10-15,0,0,0.8589220763678569
2024-10-16,0,0,0.7772596925676502
2024-10-17,0,0,0.9588206319884034
2024-10-18,1,0,0.7409295905806909
2024-10-21,0,0,0.8316345110170342
2024-10-22,0,0,0.9388603207096746
2024-10-23,0,0,0.83604500165676
2024-10-24,0,0,0.7882782324149645
2024-10-25,0,0,0.9768485173171542
2024-10-28,1,1,0.5618361172951574
2024-10-29,1,1,0.7282070845100725
2024-10-30,0,0,0.7415847086801373
2024-10-31,0,0,0.7390541480606633
2024-11-01,1,0,0.6457638480191481
2024-11-04,0,0,0.9219409939912699
2024-11-05,1,1,0.6334401330419851
2024-11-06,1,1,0.7337004900656804
2024-11-07,0,0,0.9197608251672239
2024-11-08,0,0,0.948025484609573
2024-11-11,0,0,0.7070585879157023
2024-11-12,0,0,0.9648307582328604
2024-11-13,0,0,0.9765444967314136
2024-11-14,0,0,0.8028191322354739
2024-11-18,0,0,0.8351592226037697
2024-11-19,1,0,0.6039886764544034
2024-11-21,0,0,0.8873311590282499
2024-11-22,1,1,0.9760952906953169
2024-11-25,1,1,0.9676098874059318
2024-11-26,0,1,0.6083660339389237
2024-11-27,1,1,0.6870069751000282
2024-11-28,0,0,0.9071646821179357
2024-11-29,1,1,0.9484857341377945
2024-12-02,1,1,0.8586560693781803
2024-12-03,1,1,0.7896776767978895
2024-12-04,1,0,0.5984617041622848
2024-12-05,1,1,0.8390245554735328
2024-12-06,0,0,0.7753711769580941
2024-12-09,0,0,0.6938648962965204
2024-12-10,0,0,0.7265000268324735
2024-12-11,1,0,0.5408179409013245
2024-12-12,0,0,0.9228604456517728
2024-12-13,1,0,0.6330213421222526
2024-12-16,0,0,0.8751161369753665
2024-12-17,0,0,0.9783475940967364
2024-12-18,0,0,0.9972168461537636
2024-12-19,0,0,0.9867881958328877
2024-12-20,0,0,0.9763637736810761
2024-12-23,1,1,0.8303031953200386
2024-12-24,0,1,0.7058819093217461
2024-12-26,1,1,0.5344277564274773
2024-12-27,1,1,0.660898459077948
2024-12-30,0,0,0.905941876279668
2024-12-31,0,0,0.7308852930658667
2025-01-01,1,1,0.6671209813017389
2025-01-02,1,1,0.9324293484829334
2025-01-03,0,0,0.8717797441663375
2025-01-06,0,0,0.9754458959801032
2025-01-07,1,0,0.7054057916633131
2025-01-08,0,0,0.743098682588055
2025-01-09,0,0,0.9395094074568833
2025-01-10,0,0,0.9843982466886348
2025-01-13,0,0,0.9650708989003729
2025-01-14,1,0,0.5124840112651707
2025-01-15,1,1,0.6746985594549963
2025-01-16,1,0,0.7001008096593583
2025-01-17,0,0,0.8403354184483963
2025-01-20,1,1,0.7307532004658752
2025-01-21,0,0,0.9286243476594918
2025-01-22,1,0,0.773349081872848
2025-01-23,1,0,0.6575396470834822
2025-01-24,0,0,0.9492678674431815
2025-01-27,0,0,0.974016531630505
2025-01-28,1,1,0.7167042936573349
2025-01-29,1,1,0.682377406061621
2025-01-30,1,1,0.8254564186598816
2025-01-31,1,1,0.6119305116832339
2025-02-03,0,0,0.6799675794108244
2025-02-04,1,1,0.8933907109727943
2025-02-05,0,0,0.5817199402010742
2025-02-06,0,0,0.8589938271118968
2025-02-07,0,0,0.9668877633240097
2025-02-10,0,0,0.9061977441701089
2025-02-11,0,0,0.9821916675775472
2025-02-12,0,0,0.9072577719645376
2025-02-13,0,0,0.6263991842925942
2025-02-14,0,0,0.9495048715717573
2025-02-17,1,0,0.7857037200620841
2025-02-18,0,0,0.8179253494323451
2025-02-19,0,0,0.8662976538042999
2025-02-20,0,0,0.8938801291310479
2025-02-21,0,0,0.9944745500566352
2025-02-24,0,0,0.9690546198881281
2025-02-25,0,1,0.5031775884610339
2025-02-27,0,0,0.8925964579859254
2025-02-28,0,0,0.9772790375363649
2025-03-03,0,0,0.854622689210254
2025-03-04,0,0,0.884469234656531
2025-03-05,1,1,0.9266712628528776
2025-03-06,1,1,0.7419299633238093
2025-03-07,1,1,0.544823728661709
2025-03-10,0,0,0.9362285811845844
2025-03-11,1,0,0.7913157116246531
2025-03-12,0,0,0.7367106748482211
2025-03-13,0,0,0.9088024951236078
2025-03-17,1,1,0.8194971096594481
2025-03-18,1,1,0.9551632441062426
2025-03-19,1,1,0.8246572510624012
2025-03-20,1,1,0.9010875413781578
2025-03-21,1,1,0.8552061642227345
2025-03-24,1,1,0.9703125726642102
2025-03-25,1,1,0.9017588429404406
2025-03-26,0,0,0.8485933657189697
2025-03-27,1,1,0.6094661045017606
2025-03-28,0,0,0.9194008878453033
2025-04-01,0,0,0.9871971493518068
2025-04-02,1,0,0.7459901858313962
2025-04-03,0,0,0.885940939145553
2025-04-04,0,0,0.9999825079745894
2025-04-07,0,0,0.9980402665379977
2025-04-08,1,1,0.9838591700501587
2025-04-09,0,1,0.9994257842527938
2025-04-11,1,1,0.9963656527061013
2025-04-15,1,1,0.9768363407103833
2025-04-16,1,0,0.9177788330293242
2025-04-17,1,1,0.9656419948261866
2025-04-21,1,1,0.8350821464304102
2025-04-22,1,1,0.9129069964382224
2025-04-23,1,1,0.6963611796557581
2025-04-24,0,1,0.6415505600719446
2025-04-25,0,0,0.880155693956637
2025-04-28,1,1,0.917538098264582
2025-04-29,1,1,0.6040462043820009
2025-04-30,0,0,0.7248614271063782
2025-05-02,1,1,0.6777200289298683
2025-05-05,1,1,0.7728002601878907
2025-05-06,0,0,0.9543133813939397
2025-05-07,1,0,0.9177924944196306
2025-05-08,0,0,0.9986806380873241
2025-05-09,0,0,0.9735740627827228
2025-05-12,1,1,0.9994614473775176
2025-05-13,0,0,0.9550487890259975
2025-05-14,1,1,0.5389407464369933
2025-05-15,1,1,0.9792114131519057
2025-05-16,0,0,0.6535106660831046
2025-05-19,0,0,0.6878605049678082
2025-05-20,0,0,0.9434661491135843
2025-05-21,1,0,0.8426911154021985
2025-05-22,0,0,0.9216847772368087
2025-05-23,1,0,0.5686811009874775
2025-05-26,1,1,0.7387972773912522
2025-05-27,0,0,0.7455641931163077
2025-05-28,0,0,0.8552951330416236
2025-05-29,1,0,0.5122216408687172
2025-05-30,0,0,0.6274286801758647
2025-06-02,0,0,0.6171974107186193
2025-06-03,0,0,0.7615194033344093
2025-06-04,1,0,0.5743041726860776
2025-06-05,1,1,0.6779702287246361
2025-06-06,1,1,0.9266637385761246
2025-06-09,1,1,0.7954779972991912
2025-06-10,1,1,0.51843826755519
2025-06-11,1,0,0.6459861921016321
2025-06-12,0,0,0.9568068200012466
2025-06-13,0,0,0.9737235777753531
2025-06-16,1,1,0.7487407047766564
2025-06-17,0,0,0.9448001100967958
2025-06-18,0,0,0.9354269628443477
2025-06-19,0,0,0.9114453549456452
2025-06-20,1,1,0.6064818776663763
2025-06-23,0,0,0.8023763302192135
2025-06-24,1,1,0.8334842602401827
2025-06-25,1,1,0.8497264101709255
2025-06-26,1,1,0.958910793972931
2025-06-27,1,1,0.6478994672089976
2025-06-30,0,0,0.6103484099692602
2025-07-01,1,1,0.636001415166958
2025-07-02,0,0,0.771473875959757
2025-07-03,0,0,0.7182952533337053
2025-07-04,1,0,0.6437642532852788
2025-07-07,1,0,0.7482150758944741
2025-07-08,1,1,0.5023310530792434
2025-07-09,0,0,0.7323674969434293
2025-07-10,0,0,0.9521370658557389
2025-07-11,0,0,0.969306341199462
2025-07-14,0,0,0.8408547648120474
2025-07-15,1,0,0.6614000461698456
2025-07-16,1,0,0.5884683807166255
2025-07-17,0,0,0.8453342675061422
2025-07-18,0,0,0.9372425301818326
2025-07-21,1,1,0.5066437727682254
2025-07-22,0,0,0.7471069712897365
2025-07-23,1,1,0.5970334618810583
2025-07-24,0,0,0.9825860654194558
2025-07-25,0,0,0.9896487084292086
2025-07-28,0,0,0.9728135401906133
2025-07-29,1,1,0.5287836355430231
2025-07-30,1,0,0.8834324005758634
2025-07-31,0,0,0.963017559108852
2025-08-01,0,0,0.9378409291788007
2025-08-04,1,0,0.5522091261224122
2025-08-05,0,0,0.8181235427478755
2025-08-06,0,0,0.9330972997947328
2025-08-07,1,0,0.8075374206844963
2025-08-08,0,0,0.9675382785468711
2025-08-11,1,1,0.5090094441186753
2025-08-12,0,0,0.6009224201963662
2025-08-13,1,1,0.661011187165938
2025-08-14,1,0,0.7377080613010562
2025-08-18,1,1,0.9212833744263446
2025-08-19,1,1,0.6000196397133701
2025-08-20,1,1,0.5046729586690671
2025-08-21,1,0,0.718079727159115
2025-08-22,0,0,0.9082853070531065
2025-08-25,1,1,0.6019140736818539
2025-08-26,0,0,0.9627473002992887
2025-08-28,0,0,0.8715632000483654
2025-08-29,0,0,0.7376912565386735
2025-09-01,1,1,0.8304942555076452
2025-09-02,0,0,0.6160613851972034
2025-09-03,1,1,0.828823792663185
2025-09-04,1,1,0.7514572189073155
2025-09-05,1,0,0.6105942897347632
2025-09-08,1,1,0.7839423364951079
2025-09-09,1,1,0.6367420876281629
2025-09-10,1,1,0.7259351024122896
2025-09-11,1,1,0.8145554499557505
2025-09-12,1,1,0.5578997868574087
2025-09-15,0,0,0.5778675336122208
2025-09-16,1,1,0.8486422259908832
2025-09-17,1,1,0.8534973356098837
2025-09-18,1,1,0.6634785815078977
2025-09-19,0,0,0.8835171337018239
2025-09-22,0,0,0.7611158319160767
2025-09-23,0,0,0.7968587353595691
2025-09-24,0,0,0.9064893202115616
2025-09-25,0,0,0.9611992713336303
2025-09-26,0,0,0.8751196477577569
2025-09-29,0,1,0.5509925283093257
2025-09-30,0,1,0.5556606543543736
2025-10-01,1,1,0.893434122624167
2025-10-03,1,1,0.5913684189004192
2025-10-06,1,1,0.840721836566949
2025-10-07,1,1,0.6612089317580775
2025-10-08,0,0,0.727261831202648
2025-10-09,1,1,0.6244443307178882
2025-10-10,1,0,0.746237045976363
2025-10-13,0,0,0.5067709615636793
2025-10-14,0,0,0.7030849455013265
2025-10-15,1,1,0.7620887122169552
2025-10-16,1,1,0.8697202976726088
2025-10-17,1,1,0.9353972126576433
2025-10-20,1,1,0.9238101234834868
2025-10-21,1,1,0.5076661219706551
2025-10-23,1,1,0.5519688778670332
2025-10-24,0,1,0.5065594652717318
2025-10-27,1,1,0.927241155388265
2025-10-28,0,1,0.6410218204494029
2025-10-29,1,1,0.6846677875305083
2025-10-30,0,0,0.7121451746373346
2025-10-31,0,0,0.9294495540656317
2025-11-03,1,0,0.5041192888026038
2025-11-04,0,0,0.81977555609968
2025-11-06,0,0,0.9356553843200629
2025-11-07,0,0,0.8767369165848613
2025-11-10,1,1,0.7262207725383465
2025-11-11,1,1,0.9348807019433845
2025-11-12,1,1,0.7625943106909104
2025-11-13,1,0,0.8069982698373028
2025-11-14,1,0,0.57804092159662
2025-11-17,1,0,0.5641741722134966
2025-11-18,0,0,0.8543607391978334
2025-11-19,1,0,0.5943424660657807
2025-11-20,1,0,0.5993063730597217
2025-11-21,0,1,0.5889068791642512
2025-11-24,0,0,0.5800608321456914
2025-11-25,0,1,0.5113924748724625
2025-11-26,1,1,0.9721274647559903
2025-11-27,1,1,0.8277181529541707
2025-11-28,0,1,0.8388756962043347
2025-12-01,0,1,0.595084054605946
2025-12-02,0,0,0.7331376185921283
2025-12-03,0,0,0.8044426538074277
2025-12-04,1,1,0.6205702842252492
2025-12-05,1,1,0.7777882775318682
2025-12-08,0,0,0.974362271411823
2025-12-09,0,0,0.8963636075575122
2025-12-10,0,0,0.5203776479017437
2025-12-11,1,1,0.8217560991108549
2025-12-12,1,1,0.5112715029106077
2025-12-15,0,0,0.5377071731819534
2025-12-16,0,0,0.8570280441086124
2025-12-17,0,0,0.8718582803797376
2025-12-18,0,0,0.6065994507572114
2025-12-19,1,1,0.8441700489563562
2025-12-22,1,1,0.899097642335919
2025-12-23,1,1,0.6767316756323449
2025-12-24,0,0,0.8260291675865432
2025-12-26,0,0,0.5524353709215093
2025-12-29,0,0,0.7849545856773034
2025-12-30,0,1,0.5699319331637301
2025-12-31,1,1,0.9409899627154314
2026-01-01,1,1,0.7381186496590387
2026-01-02,1,1,0.9132769380284302
2026-01-05,0,1,0.6856433330503929
2026-01-06,0,0,0.779284224675773
2026-01-07,0,0,0.7444462436331865
2026-01-08,0,0,0.941475392524781
2026-01-09,0,0,0.9193928308233347
2026-01-12,1,1,0.6810054756162532
2026-01-13,0,0,0.8227031844026829
2026-01-14,0,0,0.6573017338747098
2026-01-16,1,0,0.7976191564100422
2026-01-19,0,0,0.8884711919482067
2026-01-20,0,0,0.9960026214388913
2026-01-21,0,0,0.7999782576878681
2026-01-22,1,1,0.8601035404944595
2026-01-23,0,0,0.8691705480926343
2026-01-27,1,1,0.9130434044281922
2026-01-28,1,1,0.7435570985622083
2026-01-29,1,1,0.5460203383576169
2026-01-30,0,0,0.7482855862216264
2026-02-02,0,1,0.9805653642802576
2026-02-03,1,1,0.9966580075562773
2026-02-04,1,1,0.6741424627254792
2026-02-05,0,0,0.9350974739635163
2026-02-06,1,1,0.5920793985797689
2026-02-09,1,1,0.8615014431847507
2026-02-10,1,1,0.8045574133646479
2026-02-11,1,0,0.7304767936464567
2026-02-12,0,0,0.9837178268486744
2026-02-13,0,0,0.9911961807572908
2026-02-16,1,1,0.6235131562121163
2026-02-17,1,0,0.5458619686406461
2026-02-18,1,0,0.5403168495737782
2026-02-19,0,0,0.9956749744683997
2026-02-20,1,1,0.9802207609447131
2026-02-23,1,1,0.7080702454027856
2026-02-24,0,0,0.844645369170224
2026-02-25,1,1,0.6081095583257173
2026-02-26,1,0,0.6347836436924181
2026-02-27,0,0,0.939961600436213
2026-03-02,0,0,0.9889424631562207
2026-03-04,0,0,0.9250467439767784
2026-03-05,1,0,0.6322603814056424
2026-03-06,0,0,0.9980812815747838
2026-03-09,0,0,0.9473163715706734
2026-03-10,1,1,0.7742183884188754
2026-03-11,0,0,0.9960962778473375
2026-03-12,0,0,0.997430750955831
2026-03-13,0,0,0.9986378978916624
2026-03-16,1,1,0.9302287865644473
2026-03-17,1,1,0.5211544636531746
2026-03-18,1,0,0.8220187750755694
2026-03-19,0,0,0.9996675201971429
2026-03-20,1,0,0.8233454943278757
